{
    "GameObjectToRender": {
        "fileID": 4661288668367689123,
        "guid": "60fbbd602d4648144be47a93e4168150",
        "type": 3
    },
    "PreviewCamera": {
        "fileID": 2748762258018752351,
        "guid": "f885b6dda2995453ca876362e26f1040",
        "type": 3
    },
    "OrthographicCamera": true,
    "ViewDirection": {
        "x": -0.04564286768436432,
        "y": 0.46334850788116457,
        "z": 0.8849999904632568
    },
    "ViewRightDirection": {
        "x": -0.8849999904632568,
        "y": 0.0,
        "z": -0.04564286768436432
    },
    "ViewUpDirection": {
        "x": 0.9390658736228943,
        "y": 0.3220445513725281,
        "z": -0.12017763406038284
    },
    "PanOffset": {
        "x": 0.0,
        "y": 0.0
    },
    "ZoomLevel": 0.0,
    "BackgroundColorOrTextureInfo": {
        "backType": 0,
        "BackgroundColor": {
            "r": 1.0,
            "g": 1.0,
            "b": 1.0,
            "a": 0.0
        },
        "BackgroundTexture": {
            "instanceID": 0
        },
        "UseBackgroundAlpha": true
    },
    "AnimationClipInfo": {
        "PositionInClip": 0.5830000042915344,
        "AnimationClip": {
            "instanceID": 0
        }
    }
}