{
    "GameObjectToRender": {
        "fileID": 5177774512915412245,
        "guid": "5cd7d81b7ac122f42a0b57b3ed3a75e0",
        "type": 3
    },
    "PreviewCamera": {
        "fileID": 2748762258018752351,
        "guid": "f885b6dda2995453ca876362e26f1040",
        "type": 3
    },
    "OrthographicCamera": true,
    "ViewDirection": {
        "x": 0.9413089752197266,
        "y": -0.3039742112159729,
        "z": 0.1467551440000534
    },
    "ViewRightDirection": {
        "x": -0.1467551440000534,
        "y": 0.0,
        "z": 0.9413089752197266
    },
    "ViewUpDirection": {
        "x": 0.3347046375274658,
        "y": 0.896846354007721,
        "z": -0.28920498490333559
    },
    "PanOffset": {
        "x": 0.0,
        "y": 0.0
    },
    "ZoomLevel": 0.0,
    "BackgroundColorOrTextureInfo": {
        "backType": 1,
        "BackgroundColor": {
            "r": 0.0,
            "g": 0.0,
            "b": 0.0,
            "a": 0.0
        },
        "BackgroundTexture": {
            "fileID": 2800000,
            "guid": "f1adef1910308da4891ffa76d96ce61e",
            "type": 3
        },
        "UseBackgroundAlpha": true
    },
    "AnimationClipInfo": {
        "PositionInClip": 0.01640000008046627,
        "AnimationClip": {
            "fileID": -203655887218126122,
            "guid": "d2a59986caf76f44f8188b6684a52ae8",
            "type": 3
        }
    }
}